Région;Année;Mois;Taux_de_Mortalité
Auvergne-Rhône-Alpes;2018;Janvier;0.0008662249690692016
Auvergne-Rhône-Alpes;2018;Février;0.0007497693089676237
Auvergne-Rhône-Alpes;2018;Mars;0.0008444598940341054
Auvergne-Rhône-Alpes;2018;Avril;0.000730631053333315
Auvergne-Rhône-Alpes;2018;Mai;0.0006513261247571599
Auvergne-Rhône-Alpes;2018;Juin;0.0006379418544769571
Auvergne-Rhône-Alpes;2018;Juillet;0.0006778444920413001
Auvergne-Rhône-Alpes;2018;Août;0.0006848493437767334
Auvergne-Rhône-Alpes;2018;Septembre;0.0006692135140101413
Auvergne-Rhône-Alpes;2018;Octobre;0.0006914789355977685
Auvergne-Rhône-Alpes;2018;Novembre;0.0006814720045471495
Auvergne-Rhône-Alpes;2018;Décembre;0.0007572745072555878
Auvergne-Rhône-Alpes;2019;Janvier;0.0008555333524971478
Auvergne-Rhône-Alpes;2019;Février;0.0008102762473803099
Auvergne-Rhône-Alpes;2019;Mars;0.0007842907117500376
Auvergne-Rhône-Alpes;2019;Avril;0.0007129237382965623
Auvergne-Rhône-Alpes;2019;Mai;0.000689176191380859
Auvergne-Rhône-Alpes;2019;Juin;0.0006570983531387045
Auvergne-Rhône-Alpes;2019;Juillet;0.0006839542177135315
Auvergne-Rhône-Alpes;2019;Août;0.0006810945654671379
Auvergne-Rhône-Alpes;2019;Septembre;0.00064590840956586
Auvergne-Rhône-Alpes;2019;Octobre;0.0007243623472821367
Auvergne-Rhône-Alpes;2019;Novembre;0.0007277193303539901
Auvergne-Rhône-Alpes;2019;Décembre;0.0007821770557418336
Auvergne-Rhône-Alpes;2020;Janvier;0.0008152350169310425
Auvergne-Rhône-Alpes;2020;Février;0.0007220263974732418
Auvergne-Rhône-Alpes;2020;Mars;0.0008595493406573275
Auvergne-Rhône-Alpes;2020;Avril;0.000916241967100452
Auvergne-Rhône-Alpes;2020;Mai;0.0006962795278222159
Auvergne-Rhône-Alpes;2020;Juin;0.0006533268173947832
Auvergne-Rhône-Alpes;2020;Juillet;0.000673998582931905
Auvergne-Rhône-Alpes;2020;Août;0.0006879860650019334
Auvergne-Rhône-Alpes;2020;Septembre;0.0007037065094523195
Auvergne-Rhône-Alpes;2020;Octobre;0.0009309721473334907
Auvergne-Rhône-Alpes;2020;Novembre;0.0013233643434572995
Auvergne-Rhône-Alpes;2020;Décembre;0.001012421379210294
Auvergne-Rhône-Alpes;2021;Janvier;0.0009741987076986099
Auvergne-Rhône-Alpes;2021;Février;0.0007887250764416323
Auvergne-Rhône-Alpes;2021;Mars;0.000806594628954763
Auvergne-Rhône-Alpes;2021;Avril;0.0007989538547767348
Auvergne-Rhône-Alpes;2021;Mai;0.0007162609600435574
Auvergne-Rhône-Alpes;2021;Juin;0.0006213674742841734
Auvergne-Rhône-Alpes;2021;Juillet;0.0006701698383889995
Auvergne-Rhône-Alpes;2021;Août;0.0006855746250382501
Auvergne-Rhône-Alpes;2021;Septembre;0.000684588718692698
Auvergne-Rhône-Alpes;2021;Octobre;0.0007478099631012227
Auvergne-Rhône-Alpes;2021;Novembre;0.0007496585374991327
Auvergne-Rhône-Alpes;2021;Décembre;0.000926628726525724
Auvergne-Rhône-Alpes;2022;Janvier;0.0009461182936945209
Auvergne-Rhône-Alpes;2022;Février;0.0008009667947266277
Auvergne-Rhône-Alpes;2022;Mars;0.000785165492307338
Auvergne-Rhône-Alpes;2022;Avril;0.0007687517363059054
Auvergne-Rhône-Alpes;2022;Mai;0.0007375166036166119
Auvergne-Rhône-Alpes;2022;Juin;0.0006443011684144459
Auvergne-Rhône-Alpes;2022;Juillet;0.0007539303596180445
Auvergne-Rhône-Alpes;2022;Août;0.0007342093542730396
Auvergne-Rhône-Alpes;2022;Septembre;0.0006848455955523131
Auvergne-Rhône-Alpes;2022;Octobre;0.0007835731129937662
Auvergne-Rhône-Alpes;2022;Novembre;0.0007470708794980428
Auvergne-Rhône-Alpes;2022;Décembre;0.00093656401781309
Auvergne-Rhône-Alpes;2023;Janvier;0.0008745264405163415
Auvergne-Rhône-Alpes;2023;Février;0.0007353195950044629
Auvergne-Rhône-Alpes;2023;Mars;0.000759598440102503
Auvergne-Rhône-Alpes;2023;Avril;0.0007193370386836425
Auvergne-Rhône-Alpes;2023;Mai;0.0007010364016750695
Auvergne-Rhône-Alpes;2023;Juin;0.0006463784991427981
Auvergne-Rhône-Alpes;2023;Juillet;0.0006740734631491053
Auvergne-Rhône-Alpes;2023;Août;0.0007079906437383272
Auvergne-Rhône-Alpes;2023;Septembre;0.000667485233826019
Auvergne-Rhône-Alpes;2023;Octobre;0.0007432498710415112
Auvergne-Rhône-Alpes;2023;Novembre;0.0007521561810523501
Auvergne-Rhône-Alpes;2023;Décembre;0.0008557377865208732
Bourgogne-Franche-Comté;2018;Janvier;0.001069517954759711
Bourgogne-Franche-Comté;2018;Février;0.0009373863659432433
Bourgogne-Franche-Comté;2018;Mars;0.0010901746451946305
Bourgogne-Franche-Comté;2018;Avril;0.0009195788741890023
Bourgogne-Franche-Comté;2018;Mai;0.0008088162754776236
Bourgogne-Franche-Comté;2018;Juin;0.0007667905949376151
Bourgogne-Franche-Comté;2018;Juillet;0.0008134462233337263
Bourgogne-Franche-Comté;2018;Août;0.0008661563989262795
Bourgogne-Franche-Comté;2018;Septembre;0.0007813927381760926
Bourgogne-Franche-Comté;2018;Octobre;0.0008793339428244178
Bourgogne-Franche-Comté;2018;Novembre;0.0008643756497508554
Bourgogne-Franche-Comté;2018;Décembre;0.0009352494669327343
Bourgogne-Franche-Comté;2019;Janvier;0.0010546838799820359
Bourgogne-Franche-Comté;2019;Février;0.0009994368365899386
Bourgogne-Franche-Comté;2019;Mars;0.0009759122890810457
Bourgogne-Franche-Comté;2019;Avril;0.0008700518252910272
Bourgogne-Franche-Comté;2019;Mai;0.0008629231745307565
Bourgogne-Franche-Comté;2019;Juin;0.0008237155953492683
Bourgogne-Franche-Comté;2019;Juillet;0.0008461708452441206
Bourgogne-Franche-Comté;2019;Août;0.0008180126747410518
Bourgogne-Franche-Comté;2019;Septembre;0.0008069632660626323
Bourgogne-Franche-Comté;2019;Octobre;0.0008725468530571219
Bourgogne-Franche-Comté;2019;Novembre;0.000927081031373192
Bourgogne-Franche-Comté;2019;Décembre;0.0009014178886362178
Bourgogne-Franche-Comté;2020;Janvier;0.0010054627645050586
Bourgogne-Franche-Comté;2020;Février;0.0008826799491022399
Bourgogne-Franche-Comté;2020;Mars;0.0011507319676124631
Bourgogne-Franche-Comté;2020;Avril;0.001193563182287865
Bourgogne-Franche-Comté;2020;Mai;0.0008684028775437726
Bourgogne-Franche-Comté;2020;Juin;0.0008130792252547119
Bourgogne-Franche-Comté;2020;Juillet;0.000816291566355367
Bourgogne-Franche-Comté;2020;Août;0.00084663034341711
Bourgogne-Franche-Comté;2020;Septembre;0.0008402056612157997
Bourgogne-Franche-Comté;2020;Octobre;0.0009997519358816715
Bourgogne-Franche-Comté;2020;Novembre;0.0012792256116386687
Bourgogne-Franche-Comté;2020;Décembre;0.00134525706759658
Bourgogne-Franche-Comté;2021;Janvier;0.001341335636030932
Bourgogne-Franche-Comté;2021;Février;0.0010152867979861396
Bourgogne-Franche-Comté;2021;Mars;0.0009720755061970707
Bourgogne-Franche-Comté;2021;Avril;0.0009967166560602588
Bourgogne-Franche-Comté;2021;Mai;0.0008695826074907667
Bourgogne-Franche-Comté;2021;Juin;0.0007845884963684659
Bourgogne-Franche-Comté;2021;Juillet;0.0008178004809666759
Bourgogne-Franche-Comté;2021;Août;0.0008592261821859486
Bourgogne-Franche-Comté;2021;Septembre;0.0008067298194339392
Bourgogne-Franche-Comté;2021;Octobre;0.000890295458100403
Bourgogne-Franche-Comté;2021;Novembre;0.0009052944188866915
Bourgogne-Franche-Comté;2021;Décembre;0.0011134942793249326
Bourgogne-Franche-Comté;2022;Janvier;0.0011430193614284283
Bourgogne-Franche-Comté;2022;Février;0.000987169295611198
Bourgogne-Franche-Comté;2022;Mars;0.0010064276561469656
Bourgogne-Franche-Comté;2022;Avril;0.0009939453854293384
Bourgogne-Franche-Comté;2022;Mai;0.000895157128606975
Bourgogne-Franche-Comté;2022;Juin;0.00080350159790897
Bourgogne-Franche-Comté;2022;Juillet;0.0009486525745396627
Bourgogne-Franche-Comté;2022;Août;0.0009158420343676143
Bourgogne-Franche-Comté;2022;Septembre;0.0008709058597841566
Bourgogne-Franche-Comté;2022;Octobre;0.0009807498420992755
Bourgogne-Franche-Comté;2022;Novembre;0.0009326039407598565
Bourgogne-Franche-Comté;2022;Décembre;0.0011982979888922056
Bourgogne-Franche-Comté;2023;Janvier;0.0011266915550628984
Bourgogne-Franche-Comté;2023;Février;0.0009152806515455494
Bourgogne-Franche-Comté;2023;Mars;0.0009763469767169458
Bourgogne-Franche-Comté;2023;Avril;0.000941707014485218
Bourgogne-Franche-Comté;2023;Mai;0.0008881400625804844
Bourgogne-Franche-Comté;2023;Juin;0.0008670703948312891
Bourgogne-Franche-Comté;2023;Juillet;0.000823859720294804
Bourgogne-Franche-Comté;2023;Août;0.0008613565866281175
Bourgogne-Franche-Comté;2023;Septembre;0.0008699272989328749
Bourgogne-Franche-Comté;2023;Octobre;0.0009649193603106026
Bourgogne-Franche-Comté;2023;Novembre;0.0009777754287677387
Bourgogne-Franche-Comté;2023;Décembre;0.0010738388291835611
Bretagne;2018;Janvier;0.0010160657717452766
Bretagne;2018;Février;0.0008685578461924067
Bretagne;2018;Mars;0.001081424974530898
Bretagne;2018;Avril;0.0009096322075760311
Bretagne;2018;Mai;0.0008706565361901101
Bretagne;2018;Juin;0.000801099953409082
Bretagne;2018;Juillet;0.0008604628990584078
Bretagne;2018;Août;0.0008142917191089322
Bretagne;2018;Septembre;0.0008241855433838198
Bretagne;2018;Octobre;0.0008496696362130758
Bretagne;2018;Novembre;0.0009156284647123266
Bretagne;2018;Décembre;0.00091772715471003
Bretagne;2019;Janvier;0.0010522067428269605
Bretagne;2019;Février;0.0009273130812846103
Bretagne;2019;Mars;0.000907640094024956
Bretagne;2019;Avril;0.0008498134345041543
Bretagne;2019;Mai;0.0008608422303921422
Bretagne;2019;Juin;0.0007913906238542721
Bretagne;2019;Juillet;0.0008611403059566824
Bretagne;2019;Août;0.0008200058780501328
Bretagne;2019;Septembre;0.0008059963265167426
Bretagne;2019;Octobre;0.0008960151470078876
Bretagne;2019;Novembre;0.0008820055954744976
Bretagne;2019;Décembre;0.000964274451287597
Bretagne;2020;Janvier;0.00098404338090037
Bretagne;2020;Février;0.0009398799882033354
Bretagne;2020;Mars;0.0009659630657693692
Bretagne;2020;Avril;0.000881489462288464
Bretagne;2020;Mai;0.0008198385516778384
Bretagne;2020;Juin;0.0007893094949812306
Bretagne;2020;Juillet;0.0008065006142861166
Bretagne;2020;Août;0.0008645947415922829
Bretagne;2020;Septembre;0.0008376224682001343
Bretagne;2020;Octobre;0.0009339520160292368
Bretagne;2020;Novembre;0.0009386943937685156
Bretagne;2020;Décembre;0.0009490683450731882
Bretagne;2021;Janvier;0.0010030734405890355
Bretagne;2021;Février;0.0008996729185195048
Bretagne;2021;Mars;0.0009691957766631208
Bretagne;2021;Avril;0.0009279534031880944
Bretagne;2021;Mai;0.0009117510421800483
Bretagne;2021;Juin;0.0007903806288106849
Bretagne;2021;Juillet;0.0009055646861587944
Bretagne;2021;Août;0.0008696249035591285
Bretagne;2021;Septembre;0.0008587251334264429
Bretagne;2021;Octobre;0.00093885317332078
Bretagne;2021;Novembre;0.0009191157517291601
Bretagne;2021;Décembre;0.0010558047609606762
Bretagne;2022;Janvier;0.0010561389721123803
Bretagne;2022;Février;0.0009465809874534196
Bretagne;2022;Mars;0.0010158216337578826
Bretagne;2022;Avril;0.0009541770077231075
Bretagne;2022;Mai;0.0008861049799216733
Bretagne;2022;Juin;0.0008481248785732337
Bretagne;2022;Juillet;0.0009687847390109689
Bretagne;2022;Août;0.0009179498341292113
Bretagne;2022;Septembre;0.0008367308481687018
Bretagne;2022;Octobre;0.0009249615451473847
Bretagne;2022;Novembre;0.0009489182244594775
Bretagne;2022;Décembre;0.0012320160568182316
Bretagne;2023;Janvier;0.0010481802474705312
Bretagne;2023;Février;0.0008714488025281899
Bretagne;2023;Mars;0.0009342349737577058
Bretagne;2023;Avril;0.000885691961742293
Bretagne;2023;Mai;0.000887436022054224
Bretagne;2023;Juin;0.0008278472947299148
Bretagne;2023;Juillet;0.0008115693984852254
Bretagne;2023;Août;0.0008688327120602934
Bretagne;2023;Septembre;0.0008447065444119145
Bretagne;2023;Octobre;0.0009159223404824303
Bretagne;2023;Novembre;0.0009778364815559808
Bretagne;2023;Décembre;0.0010333557348191178
Centre-Val de Loire;2018;Janvier;0.0010058872387967753
Centre-Val de Loire;2018;Février;0.000858191276376847
Centre-Val de Loire;2018;Mars;0.0009821781500925237
Centre-Val de Loire;2018;Avril;0.0008574139292062158
Centre-Val de Loire;2018;Mai;0.0008158258555774465
Centre-Val de Loire;2018;Juin;0.0007128273554688122
Centre-Val de Loire;2018;Juillet;0.0007913394197025637
Centre-Val de Loire;2018;Août;0.0008251540216250209
Centre-Val de Loire;2018;Septembre;0.0007423665479527979
Centre-Val de Loire;2018;Octobre;0.0008208786121865493
Centre-Val de Loire;2018;Novembre;0.0008519724990117974
Centre-Val de Loire;2018;Décembre;0.0008772362820573115
Centre-Val de Loire;2019;Janvier;0.0010189726330843548
Centre-Val de Loire;2019;Février;0.0009630107493451682
Centre-Val de Loire;2019;Mars;0.0009016081269091164
Centre-Val de Loire;2019;Avril;0.0008269922819235343
Centre-Val de Loire;2019;Mai;0.000810281441640305
Centre-Val de Loire;2019;Juin;0.0007706417739917145
Centre-Val de Loire;2019;Juillet;0.0008017317094023737
Centre-Val de Loire;2019;Août;0.0007873526142749438
Centre-Val de Loire;2019;Septembre;0.000774528015918047
Centre-Val de Loire;2019;Octobre;0.0008234946641898351
Centre-Val de Loire;2019;Novembre;0.0008674091979573912
Centre-Val de Loire;2019;Décembre;0.0009276459478155434
Centre-Val de Loire;2020;Janvier;0.0009666533714609282
Centre-Val de Loire;2020;Février;0.0008761631201349353
Centre-Val de Loire;2020;Mars;0.0009779161066045068
Centre-Val de Loire;2020;Avril;0.0010489878490622607
Centre-Val de Loire;2020;Mai;0.0008202378145944076
Centre-Val de Loire;2020;Juin;0.0007724682827785401
Centre-Val de Loire;2020;Juillet;0.0008295586988511621
Centre-Val de Loire;2020;Août;0.0007942170127109675
Centre-Val de Loire;2020;Septembre;0.0007883914600504959
Centre-Val de Loire;2020;Octobre;0.0008850956342143252
Centre-Val de Loire;2020;Novembre;0.0010427739262244243
Centre-Val de Loire;2020;Décembre;0.001112680558150084
Centre-Val de Loire;2021;Janvier;0.0011440549363988617
Centre-Val de Loire;2021;Février;0.0009905557176904545
Centre-Val de Loire;2021;Mars;0.0009353737200788248
Centre-Val de Loire;2021;Avril;0.0009509179447581571
Centre-Val de Loire;2021;Mai;0.0008949587359125607
Centre-Val de Loire;2021;Juin;0.0007830403182213676
Centre-Val de Loire;2021;Juillet;0.0008079110777082995
Centre-Val de Loire;2021;Août;0.0008234553023876318
Centre-Val de Loire;2021;Septembre;0.0007904238249440505
Centre-Val de Loire;2021;Octobre;0.0008848549898709945
Centre-Val de Loire;2021;Novembre;0.0009392597762486578
Centre-Val de Loire;2021;Décembre;0.001067888235470133
Centre-Val de Loire;2022;Janvier;0.0010776275305556986
Centre-Val de Loire;2022;Février;0.0009308191789810725
Centre-Val de Loire;2022;Mars;0.000945926106979517
Centre-Val de Loire;2022;Avril;0.0009563847494399784
Centre-Val de Loire;2022;Mai;0.0008556718961170159
Centre-Val de Loire;2022;Juin;0.000783236113150116
Centre-Val de Loire;2022;Juillet;0.0008463753250410502
Centre-Val de Loire;2022;Août;0.0008634190386803207
Centre-Val de Loire;2022;Septembre;0.0007998924696612213
Centre-Val de Loire;2022;Octobre;0.0009130007510854716
Centre-Val de Loire;2022;Novembre;0.000923459393545933
Centre-Val de Loire;2022;Décembre;0.0012306335961809686
Centre-Val de Loire;2023;Janvier;0.001080289233982359
Centre-Val de Loire;2023;Février;0.0008560197945862364
Centre-Val de Loire;2023;Mars;0.0009265155423756912
Centre-Val de Loire;2023;Avril;0.0008629919015104682
Centre-Val de Loire;2023;Mai;0.0008819715259153214
Centre-Val de Loire;2023;Juin;0.0007735165293161603
Centre-Val de Loire;2023;Juillet;0.000780488636240392
Centre-Val de Loire;2023;Août;0.0008141871530408457
Centre-Val de Loire;2023;Septembre;0.0008277440276157408
Centre-Val de Loire;2023;Octobre;0.0009059865608765643
Centre-Val de Loire;2023;Novembre;0.00090211316814088
Centre-Val de Loire;2023;Décembre;0.0010341958604277155
Corse;2018;Janvier;0.0009511038120949687
Corse;2018;Février;0.0007709257607353627
Corse;2018;Mars;0.0008802140869698777
Corse;2018;Avril;0.0006645911730477265
Corse;2018;Mai;0.0007088972512509083
Corse;2018;Juin;0.0007502495909072112
Corse;2018;Juillet;0.0006882210814227568
Corse;2018;Août;0.0008063706232979081
Corse;2018;Septembre;0.0007591108065478476
Corse;2018;Octobre;0.0007207122054384234
Corse;2018;Novembre;0.0006645911730477265
Corse;2018;Décembre;0.0007797869763759991
Corse;2019;Janvier;0.000922335800728469
Corse;2019;Février;0.0008136529197509106
Corse;2019;Mars;0.0008136529197509106
Corse;2019;Avril;0.0007343437903889084
Corse;2019;Mai;0.0007754670426506873
Corse;2019;Juin;0.0007314064152273528
Corse;2019;Juillet;0.0007431559158735753
Corse;2019;Août;0.0007989660439431325
Corse;2019;Septembre;0.0007431559158735753
Corse;2019;Octobre;0.0006961579132886852
Corse;2019;Novembre;0.0007049700387733521
Corse;2019;Décembre;0.000843026671366467
Corse;2020;Janvier;0.0009077657615194603
Corse;2020;Février;0.0007942950413295277
Corse;2020;Mars;0.0009106752671653559
Corse;2020;Avril;0.0007506524566410921
Corse;2020;Mai;0.0007273764114739265
Corse;2020;Juin;0.0007361049284116136
Corse;2020;Juillet;0.0007739285018082577
Corse;2020;Août;0.0008321186147261718
Corse;2020;Septembre;0.0007215574001821351
Corse;2020;Octobre;0.0009281323010407301
Corse;2020;Novembre;0.0008844897163522946
Corse;2020;Décembre;0.0008379376260179632
Corse;2021;Janvier;0.0008400532800916003
Corse;2021;Février;0.0008141612269380921
Corse;2021;Mars;0.0008314225957070975
Corse;2021;Avril;0.000871699122834777
Corse;2021;Mai;0.0008026536477587551
Corse;2021;Juin;0.0007422388570672359
Corse;2021;Juillet;0.0007681309102207442
Corse;2021;Août;0.0009263601239366278
Corse;2021;Septembre;0.0008889604916037826
Corse;2021;Octobre;0.0008688222280399428
Corse;2021;Novembre;0.0008515608592709373
Corse;2021;Décembre;0.0010960969168318485
Corse;2022;Janvier;0.000999214293034537
Corse;2022;Février;0.0008625696033887884
Corse;2022;Mars;0.001044762522916453
Corse;2022;Avril;0.0008824969539621266
Corse;2022;Mai;0.0008113278447716326
Corse;2022;Juin;0.0007857069654630547
Corse;2022;Juillet;0.000865416367756408
Corse;2022;Août;0.0009251984194764231
Corse;2022;Septembre;0.0007401587355811385
Corse;2022;Octobre;0.00084264225281545
Corse;2022;Novembre;0.0007970940229335338
Corse;2022;Décembre;0.0010846172240631298
Corse;2023;Janvier;0.0009173897579784682
Corse;2023;Février;0.000807302987021052
Corse;2023;Mars;0.000821416675605336
Corse;2023;Avril;0.0008411758396233339
Corse;2023;Mai;0.0007649619212681996
Corse;2023;Juin;0.0007706073967019133
Corse;2023;Juillet;0.0007452027572502018
Corse;2023;Août;0.0008439985773401907
Corse;2023;Septembre;0.0008722259545087589
Corse;2023;Octobre;0.0008863396430930431
Corse;2023;Novembre;0.0007762528721356269
Corse;2023;Décembre;0.0010302992666527413
Grand Est;2018;Janvier;0.0009329075853962668
Grand Est;2018;Février;0.0008321939237051673
Grand Est;2018;Mars;0.0010202888482230704
Grand Est;2018;Avril;0.0008021059424843916
Grand Est;2018;Mai;0.000736705121028454
Grand Est;2018;Juin;0.0006898615574511984
Grand Est;2018;Juillet;0.0007828280143968287
Grand Est;2018;Août;0.00073328193753627
Grand Est;2018;Septembre;0.0007226520519552774
Grand Est;2018;Octobre;0.0008031869477977129
Grand Est;2018;Novembre;0.0007781436580391032
Grand Est;2018;Décembre;0.0008476883331961057
Grand Est;2019;Janvier;0.0009308488380317622
Grand Est;2019;Février;0.0008739756298302856
Grand Est;2019;Mars;0.000858857435245083
Grand Est;2019;Avril;0.000778946978151869
Grand Est;2019;Mai;0.0007722877733941012
Grand Est;2019;Juin;0.0007294528887360272
Grand Est;2019;Juillet;0.0007539299656834981
Grand Est;2019;Août;0.0007398916421400957
Grand Est;2019;Septembre;0.0007323325448474943
Grand Est;2019;Octobre;0.0007780470856170356
Grand Est;2019;Novembre;0.0008133228729825084
Grand Est;2019;Décembre;0.0008572376286823828
Grand Est;2020;Janvier;0.0008984924633956004
Grand Est;2020;Février;0.0008224495838405106
Grand Est;2020;Mars;0.0012691790299265585
Grand Est;2020;Avril;0.0012736732899475448
Grand Est;2020;Mai;0.0007695970859937105
Grand Est;2020;Juin;0.0007246544857838466
Grand Est;2020;Juillet;0.0007253735673872045
Grand Est;2020;Août;0.0007733722644113391
Grand Est;2020;Septembre;0.000724834256184686
Grand Est;2020;Octobre;0.0008229888950430289
Grand Est;2020;Novembre;0.0009772318989632821
Grand Est;2020;Décembre;0.0011269806428625489
Grand Est;2021;Janvier;0.0011286955699283277
Grand Est;2021;Février;0.0009172337266535606
Grand Est;2021;Mars;0.0009314390715674267
Grand Est;2021;Avril;0.0008837882310335719
Grand Est;2021;Mai;0.0008034111528500507
Grand Est;2021;Juin;0.0007129644630820168
Grand Est;2021;Juillet;0.0007307660978474946
Grand Est;2021;Août;0.0007537823528978094
Grand Est;2021;Septembre;0.0007595364166603882
Grand Est;2021;Octobre;0.0008454877441139074
Grand Est;2021;Novembre;0.0008481849615026162
Grand Est;2021;Décembre;0.0010157720685877209
Grand Est;2022;Janvier;0.0010084389088716185
Grand Est;2022;Février;0.0008661747432005912
Grand Est;2022;Mars;0.0009168934470175693
Grand Est;2022;Avril;0.0008899154130723682
Grand Est;2022;Mai;0.0008008879010532045
Grand Est;2022;Juin;0.0007623992392913842
Grand Est;2022;Juillet;0.0008208516461726533
Grand Est;2022;Août;0.0007974706834201457
Grand Est;2022;Septembre;0.0007704926494749445
Grand Est;2022;Octobre;0.0008926132164668884
Grand Est;2022;Novembre;0.0008760666889804983
Grand Est;2022;Décembre;0.0011258832833130608
Grand Est;2023;Janvier;0.001000455128768315
Grand Est;2023;Février;0.0008038567842271957
Grand Est;2023;Mars;0.0008897335336283989
Grand Est;2023;Avril;0.0008157391017544062
Grand Est;2023;Mai;0.0007858532728223312
Grand Est;2023;Juin;0.0007496662148985538
Grand Est;2023;Juillet;0.0007426448454506567
Grand Est;2023;Août;0.0007665895156191263
Grand Est;2023;Septembre;0.0007489460744423592
Grand Est;2023;Octobre;0.0008600277398103727
Grand Est;2023;Novembre;0.0008458049658005297
Grand Est;2023;Décembre;0.0009838918982758398
Hauts-de-France;2018;Janvier;0.0009130415375606169
Hauts-de-France;2018;Février;0.0008081133783736069
Hauts-de-France;2018;Mars;0.0009831601963189204
Hauts-de-France;2018;Avril;0.0007523182461074984
Hauts-de-France;2018;Mai;0.0007429912986242086
Hauts-de-France;2018;Juin;0.0006783688767757009
Hauts-de-France;2018;Juillet;0.0007483209829003742
Hauts-de-France;2018;Août;0.000681366824181044
Hauts-de-France;2018;Septembre;0.0006812002715474139
Hauts-de-France;2018;Octobre;0.0007904587992088084
Hauts-de-France;2018;Novembre;0.0007411592196542767
Hauts-de-France;2018;Décembre;0.0007946226150495627
Hauts-de-France;2019;Janvier;0.0009117482635566975
Hauts-de-France;2019;Février;0.0008404736961042287
Hauts-de-France;2019;Mars;0.0008104984107270223
Hauts-de-France;2019;Avril;0.0007269006703972575
Hauts-de-France;2019;Mai;0.000770864422283827
Hauts-de-France;2019;Juin;0.0006882658581333025
Hauts-de-France;2019;Juillet;0.0007050853238171794
Hauts-de-France;2019;Août;0.0007062510293596264
Hauts-de-France;2019;Septembre;0.0006721125099022522
Hauts-de-France;2019;Octobre;0.0007522131336046763
Hauts-de-France;2019;Novembre;0.0007653689532980057
Hauts-de-France;2019;Décembre;0.000832480286670307
Hauts-de-France;2020;Janvier;0.000873329827564877
Hauts-de-France;2020;Février;0.0007811283394695397
Hauts-de-France;2020;Mars;0.0009693660972627328
Hauts-de-France;2020;Avril;0.0009972099462897154
Hauts-de-France;2020;Mai;0.0007709578317411209
Hauts-de-France;2020;Juin;0.0007057665444983055
Hauts-de-France;2020;Juillet;0.0006999310072770816
Hauts-de-France;2020;Août;0.0007911321175630663
Hauts-de-France;2020;Septembre;0.0007449480086979516
Hauts-de-France;2020;Octobre;0.00088383379456308
Hauts-de-France;2020;Novembre;0.0009790364160864754
Hauts-de-France;2020;Décembre;0.000983204656958778
Hauts-de-France;2021;Janvier;0.0010147962768118717
Hauts-de-France;2021;Février;0.0008898649140025207
Hauts-de-France;2021;Mars;0.0009574179205950269
Hauts-de-France;2021;Avril;0.0009285619449394625
Hauts-de-France;2021;Mai;0.0008306517847671139
Hauts-de-France;2021;Juin;0.0006882066795078539
Hauts-de-France;2021;Juillet;0.0007330752196890493
Hauts-de-France;2021;Août;0.0007122255262963005
Hauts-de-France;2021;Septembre;0.0007329084221419074
Hauts-de-France;2021;Octobre;0.0007989602508101357
Hauts-de-France;2021;Novembre;0.0008067997355258093
Hauts-de-France;2021;Décembre;0.0009417389511636797
Hauts-de-France;2022;Janvier;0.0009535056000117355
Hauts-de-France;2022;Février;0.0008458194780523681
Hauts-de-France;2022;Mars;0.0008546544075629664
Hauts-de-France;2022;Avril;0.0008708239955351934
Hauts-de-France;2022;Mai;0.0007516357955337264
Hauts-de-France;2022;Juin;0.0007039605155331396
Hauts-de-France;2022;Juillet;0.000794476868820967
Hauts-de-France;2022;Août;0.0007694723513381417
Hauts-de-France;2022;Septembre;0.0007339659365125299
Hauts-de-France;2022;Octobre;0.000852987439730778
Hauts-de-France;2022;Novembre;0.0008201481734366675
Hauts-de-France;2022;Décembre;0.001067859593299856
Hauts-de-France;2023;Janvier;0.0009704034461091379
Hauts-de-France;2023;Février;0.0007634018508613604
Hauts-de-France;2023;Mars;0.0008179901747694436
Hauts-de-France;2023;Avril;0.0007805963382085547
Hauts-de-France;2023;Mai;0.000785437504549027
Hauts-de-France;2023;Juin;0.000728178192315166
Hauts-de-France;2023;Juillet;0.0006916190396060826
Hauts-de-France;2023;Août;0.0007141555036048326
Hauts-de-France;2023;Septembre;0.000704139297383166
Hauts-de-France;2023;Octobre;0.0008083078420884992
Hauts-de-France;2023;Novembre;0.0008129820716586103
Hauts-de-France;2023;Décembre;0.000928335379978138
Normandie;2018;Janvier;0.0009887371122324813
Normandie;2018;Février;0.0008631164092193574
Normandie;2018;Mars;0.001039225815835842
Normandie;2018;Avril;0.0008604116572406061
Normandie;2018;Mai;0.0008081197856514109
Normandie;2018;Juin;0.0007426046821660976
Normandie;2018;Juillet;0.0008006065857104346
Normandie;2018;Août;0.0007636416420008313
Normandie;2018;Septembre;0.0007386978181967899
Normandie;2018;Octobre;0.000848390537335044
Normandie;2018;Novembre;0.0008384731134129552
Normandie;2018;Décembre;0.0008751375291249196
Normandie;2019;Janvier;0.000989464161547919
Normandie;2019;Février;0.0009798401940191853
Normandie;2019;Mars;0.0008742773001883891
Normandie;2019;Avril;0.0008123230092221669
Normandie;2019;Mai;0.0008442024016610968
Normandie;2019;Juin;0.0007518724631823092
Normandie;2019;Juillet;0.0007906690822825163
Normandie;2019;Août;0.0007699174022986847
Normandie;2019;Septembre;0.0007942780701057914
Normandie;2019;Octobre;0.0008309694463090882
Normandie;2019;Novembre;0.000878788534967483
Normandie;2019;Décembre;0.000945855558683345
Normandie;2020;Janvier;0.0009577443781758172
Normandie;2020;Février;0.0008546026759107292
Normandie;2020;Mars;0.0009454154866514189
Normandie;2020;Avril;0.0009715767930568494
Normandie;2020;Mai;0.0008263364368060112
Normandie;2020;Juin;0.0007710067772818824
Normandie;2020;Juillet;0.0007773215753797449
Normandie;2020;Août;0.0008555047899247096
Normandie;2020;Septembre;0.0008305463022045863
Normandie;2020;Octobre;0.0009487232380360136
Normandie;2020;Novembre;0.001041640981475991
Normandie;2020;Décembre;0.0010620888991262124
Normandie;2021;Janvier;0.0010522944044500456
Normandie;2021;Février;0.0009435192547039243
Normandie;2021;Mars;0.0009726661870944595
Normandie;2021;Avril;0.0009609473173704298
Normandie;2021;Mai;0.0008975452273250388
Normandie;2021;Juin;0.0007815584654410532
Normandie;2021;Juillet;0.0008530736191415417
Normandie;2021;Août;0.000814912171578676
Normandie;2021;Septembre;0.000821522816038385
Normandie;2021;Octobre;0.0008990476465204272
Normandie;2021;Novembre;0.0008960428081296503
Normandie;2021;Décembre;0.001017738762956112
Normandie;2022;Janvier;0.00105328603079776
Normandie;2022;Février;0.0009212134861341797
Normandie;2022;Mars;0.0009403804767429533
Normandie;2022;Avril;0.0009640397307756582
Normandie;2022;Mai;0.0008346625441664365
Normandie;2022;Juin;0.0008553269559165205
Normandie;2022;Juillet;0.0009143253488841517
Normandie;2022;Août;0.0008676058092752662
Normandie;2022;Septembre;0.000836159965307747
Normandie;2022;Octobre;0.0009544562354712714
Normandie;2022;Novembre;0.0009092341170036962
Normandie;2022;Décembre;0.0012886806342117605
Normandie;2023;Janvier;0.0010992591155261143
Normandie;2023;Février;0.0008198778148489514
Normandie;2023;Mars;0.0009094115864485995
Normandie;2023;Avril;0.0008456300033358068
Normandie;2023;Mai;0.0008647944226748618
Normandie;2023;Juin;0.000807900052762042
Normandie;2023;Juillet;0.0007629834449361316
Normandie;2023;Août;0.000813589489753324
Normandie;2023;Septembre;0.0008423361187619066
Normandie;2023;Octobre;0.0009148015793877087
Normandie;2023;Novembre;0.0009031232613529721
Normandie;2023;Décembre;0.0009971486937352112
Nouvelle-Aquitaine;2018;Janvier;0.0010430153092639894
Nouvelle-Aquitaine;2018;Février;0.0009588984741574018
Nouvelle-Aquitaine;2018;Mars;0.0010863279539809003
Nouvelle-Aquitaine;2018;Avril;0.0009201010472295125
Nouvelle-Aquitaine;2018;Mai;0.000860901525106785
Nouvelle-Aquitaine;2018;Juin;0.0008406666602004288
Nouvelle-Aquitaine;2018;Juillet;0.0008697647303963458
Nouvelle-Aquitaine;2018;Août;0.0008532089318365999
Nouvelle-Aquitaine;2018;Septembre;0.0008274554674103286
Nouvelle-Aquitaine;2018;Octobre;0.0008945148130917235
Nouvelle-Aquitaine;2018;Novembre;0.0009033780183812844
Nouvelle-Aquitaine;2018;Décembre;0.0009294659433845203
Nouvelle-Aquitaine;2019;Janvier;0.0010932918533534744
Nouvelle-Aquitaine;2019;Février;0.0009962915260813582
Nouvelle-Aquitaine;2019;Mars;0.000955860857938778
Nouvelle-Aquitaine;2019;Avril;0.0008779943859604755
Nouvelle-Aquitaine;2019;Mai;0.0008933014701955264
Nouvelle-Aquitaine;2019;Juin;0.0008332378027079896
Nouvelle-Aquitaine;2019;Juillet;0.000854700996907137
Nouvelle-Aquitaine;2019;Août;0.000841889632927801
Nouvelle-Aquitaine;2019;Septembre;0.0008467146920888496
Nouvelle-Aquitaine;2019;Octobre;0.0008952980464000983
Nouvelle-Aquitaine;2019;Novembre;0.0009235828759648662
Nouvelle-Aquitaine;2019;Décembre;0.0009873069331607848
Nouvelle-Aquitaine;2020;Janvier;0.0010187353164228022
Nouvelle-Aquitaine;2020;Février;0.0009115087425289428
Nouvelle-Aquitaine;2020;Mars;0.0009956990045661615
Nouvelle-Aquitaine;2020;Avril;0.0008856550400135765
Nouvelle-Aquitaine;2020;Mai;0.0008375936699529595
Nouvelle-Aquitaine;2020;Juin;0.0008109113231262032
Nouvelle-Aquitaine;2020;Juillet;0.0008627844570192139
Nouvelle-Aquitaine;2020;Août;0.0008438913667195232
Nouvelle-Aquitaine;2020;Septembre;0.0008990790778580937
Nouvelle-Aquitaine;2020;Octobre;0.0009640447918710656
Nouvelle-Aquitaine;2020;Novembre;0.001052544004327512
Nouvelle-Aquitaine;2020;Décembre;0.001101268289837241
Nouvelle-Aquitaine;2021;Janvier;0.0011521823087538834
Nouvelle-Aquitaine;2021;Février;0.0009847838780812186
Nouvelle-Aquitaine;2021;Mars;0.0009834657802019063
Nouvelle-Aquitaine;2021;Avril;0.0009506780954540123
Nouvelle-Aquitaine;2021;Mai;0.0009343666341975222
Nouvelle-Aquitaine;2021;Juin;0.0008295778527921926
Nouvelle-Aquitaine;2021;Juillet;0.0008697798381112184
Nouvelle-Aquitaine;2021;Août;0.0009119589702492127
Nouvelle-Aquitaine;2021;Septembre;0.0008798303344409749
Nouvelle-Aquitaine;2021;Octobre;0.0009796762487988833
Nouvelle-Aquitaine;2021;Novembre;0.0009861019759605308
Nouvelle-Aquitaine;2021;Décembre;0.0011348822740879093
Nouvelle-Aquitaine;2022;Janvier;0.0011411028654506243
Nouvelle-Aquitaine;2022;Février;0.0010704382384617095
Nouvelle-Aquitaine;2022;Mars;0.0010300350836786958
Nouvelle-Aquitaine;2022;Avril;0.0010082795387955346
Nouvelle-Aquitaine;2022;Mai;0.0009022825983121623
Nouvelle-Aquitaine;2022;Juin;0.0008546821204099071
Nouvelle-Aquitaine;2022;Juillet;0.0009871782960141225
Nouvelle-Aquitaine;2022;Août;0.0009395778181118673
Nouvelle-Aquitaine;2022;Septembre;0.0008908323115315511
Nouvelle-Aquitaine;2022;Octobre;0.000970166441368643
Nouvelle-Aquitaine;2022;Novembre;0.0009757280092335112
Nouvelle-Aquitaine;2022;Décembre;0.0012295972247122052
Nouvelle-Aquitaine;2023;Janvier;0.0011160136143561282
Nouvelle-Aquitaine;2023;Février;0.0009365001122366633
Nouvelle-Aquitaine;2023;Mars;0.0010008447885861992
Nouvelle-Aquitaine;2023;Avril;0.0009169523624595891
Nouvelle-Aquitaine;2023;Mai;0.0008848614732422256
Nouvelle-Aquitaine;2023;Juin;0.0008167701448520838
Nouvelle-Aquitaine;2023;Juillet;0.0008392500570957191
Nouvelle-Aquitaine;2023;Août;0.0008975675105973238
Nouvelle-Aquitaine;2023;Septembre;0.0008713409463130827
Nouvelle-Aquitaine;2023;Octobre;0.0009275407269221709
Nouvelle-Aquitaine;2023;Novembre;0.0009371517038958991
Nouvelle-Aquitaine;2023;Décembre;0.0010808276647573944
Occitanie;2018;Janvier;0.0010267613808589795
Occitanie;2018;Février;0.0008738430881611338
Occitanie;2018;Mars;0.0009739196152711683
Occitanie;2018;Avril;0.0008221906870720837
Occitanie;2018;Mai;0.0007873592981797966
Occitanie;2018;Juin;0.00074318290251153
Occitanie;2018;Juillet;0.0008006122168802766
Occitanie;2018;Août;0.0008337445136314764
Occitanie;2018;Septembre;0.0007615330976352715
Occitanie;2018;Octobre;0.0008106368605126908
Occitanie;2018;Novembre;0.0008327250583468241
Occitanie;2018;Décembre;0.0008784306369420691
Occitanie;2019;Janvier;0.0010110926930476632
Occitanie;2019;Février;0.0009259782056349161
Occitanie;2019;Mars;0.0008878873657234689
Occitanie;2019;Avril;0.0008142338389920422
Occitanie;2019;Mai;0.0007838960018944293
Occitanie;2019;Juin;0.0007591201015980456
Occitanie;2019;Juillet;0.0007749631943045767
Occitanie;2019;Août;0.0007859185243676036
Occitanie;2019;Septembre;0.0007555806872699908
Occitanie;2019;Octobre;0.0008273802350676745
Occitanie;2019;Novembre;0.0008617631171116357
Occitanie;2019;Décembre;0.0008900784317360743
Occitanie;2020;Janvier;0.000938069815896266
Occitanie;2020;Février;0.0008175469273442831
Occitanie;2020;Mars;0.0009196565968119353
Occitanie;2020;Avril;0.0008704430839865423
Occitanie;2020;Mai;0.0007688355932211901
Occitanie;2020;Juin;0.0007574528759690584
Occitanie;2020;Juillet;0.000795618457343853
Occitanie;2020;Août;0.0008038207094814185
Occitanie;2020;Septembre;0.0008244100362757155
Occitanie;2020;Octobre;0.0009812571842940597
Occitanie;2020;Novembre;0.0010291315539133197
Occitanie;2020;Décembre;0.000963346143912029
Occitanie;2021;Janvier;0.0010672222133660658
Occitanie;2021;Février;0.0008993426960620214
Occitanie;2021;Mars;0.0008996748019320591
Occitanie;2021;Avril;0.0009023316488923604
Occitanie;2021;Mai;0.0008578294623073122
Occitanie;2021;Juin;0.0007645077128267258
Occitanie;2021;Juillet;0.0007839359062239297
Occitanie;2021;Août;0.0008812429261449682
Occitanie;2021;Septembre;0.0008246188753035448
Occitanie;2021;Octobre;0.0009029958606324358
Occitanie;2021;Novembre;0.0008767594968994596
Occitanie;2021;Décembre;0.0010667240545610092
Occitanie;2022;Janvier;0.0011097349973218681
Occitanie;2022;Février;0.0009655089166088749
Occitanie;2022;Mars;0.0009227508995217845
Occitanie;2022;Avril;0.000903180884008847
Occitanie;2022;Mai;0.0008193093889534005
Occitanie;2022;Juin;0.0008053308064441594
Occitanie;2022;Juillet;0.0009123903030737587
Occitanie;2022;Août;0.0009012074370663659
Occitanie;2022;Septembre;0.0008178293037465397
Occitanie;2022;Octobre;0.0008873933084689982
Occitanie;2022;Novembre;0.0008982472666526442
Occitanie;2022;Décembre;0.0011156553381493114
Occitanie;2023;Janvier;0.0010440672849169933
Occitanie;2023;Février;0.0008869099186065337
Occitanie;2023;Mars;0.0008816822307458947
Occitanie;2023;Avril;0.0007985293207126057
Occitanie;2023;Mai;0.0008016332603798601
Occitanie;2023;Juin;0.000776475012550535
Occitanie;2023;Juillet;0.0007934649980976117
Occitanie;2023;Août;0.0008354498662283686
Occitanie;2023;Septembre;0.0007934649980976117
Occitanie;2023;Octobre;0.0008630585927423683
Occitanie;2023;Novembre;0.0008795584825525101
Occitanie;2023;Décembre;0.0009872161794325443
Outre-Mer;2018;Janvier;0.0005414031419072101
Outre-Mer;2018;Février;0.00048367830132552993
Outre-Mer;2018;Mars;0.0005409376189992934
Outre-Mer;2018;Avril;0.0004860059158651138
Outre-Mer;2018;Mai;0.0005102131070767862
Outre-Mer;2018;Juin;0.0005069544467213687
Outre-Mer;2018;Juillet;0.0005199890881430384
Outre-Mer;2018;Août;0.0005046268321817848
Outre-Mer;2018;Septembre;0.0005111441528926197
Outre-Mer;2018;Octobre;0.0005316271608409579
Outre-Mer;2018;Novembre;0.00048088516387802927
Outre-Mer;2018;Décembre;0.0005120751987084532
Outre-Mer;2019;Janvier;inf
Outre-Mer;2019;Février;inf
Outre-Mer;2019;Mars;inf
Outre-Mer;2019;Avril;inf
Outre-Mer;2019;Mai;inf
Outre-Mer;2019;Juin;inf
Outre-Mer;2019;Juillet;inf
Outre-Mer;2019;Août;inf
Outre-Mer;2019;Septembre;inf
Outre-Mer;2019;Octobre;inf
Outre-Mer;2019;Novembre;inf
Outre-Mer;2019;Décembre;inf
Outre-Mer;2020;Janvier;0.0005039821493665013
Outre-Mer;2020;Février;0.0004984590573186493
Outre-Mer;2020;Mars;0.0005656566772341828
Outre-Mer;2020;Avril;0.0005044424070371556
Outre-Mer;2020;Mai;0.0005458655973960462
Outre-Mer;2020;Juin;0.0005444848243840832
Outre-Mer;2020;Juillet;0.0005619746158689481
Outre-Mer;2020;Août;0.0005872887877549367
Outre-Mer;2020;Septembre;0.0006176657940181232
Outre-Mer;2020;Octobre;0.0005840669840603564
Outre-Mer;2020;Novembre;0.0005421835360308114
Outre-Mer;2020;Décembre;0.0005389617323362311
Outre-Mer;2021;Janvier;0.0005684622958029599
Outre-Mer;2021;Février;0.0005378949010848231
Outre-Mer;2021;Mars;0.0006054169073278714
Outre-Mer;2021;Avril;0.0005543191728736727
Outre-Mer;2021;Mai;0.0005803242698726845
Outre-Mer;2021;Juin;0.0006095229752750837
Outre-Mer;2021;Juillet;0.0006451088974842578
Outre-Mer;2021;Août;0.0012049028276208803
Outre-Mer;2021;Septembre;0.0008216698192143906
Outre-Mer;2021;Octobre;0.0006432839783966078
Outre-Mer;2021;Novembre;0.0005575127812770601
Outre-Mer;2021;Décembre;0.0006099792050469963
Outre-Mer;2022;Janvier;0.0007940551556673316
Outre-Mer;2022;Février;0.0006635193536264562
Outre-Mer;2022;Mars;0.0006337084092157373
Outre-Mer;2022;Avril;0.00055782600526118
Outre-Mer;2022;Mai;0.0006129310843234181
Outre-Mer;2022;Juin;0.0006341600901916572
Outre-Mer;2022;Juillet;0.0006436453906859769
Outre-Mer;2022;Août;0.0006671328014338161
Outre-Mer;2022;Septembre;0.0006174478940826179
Outre-Mer;2022;Octobre;0.0005709247535628596
Outre-Mer;2022;Novembre;0.0005438238950076605
Outre-Mer;2022;Décembre;0.0006093176365160581
Outre-Mer;2023;Janvier;0.0005999020952601453
Outre-Mer;2023;Février;0.0005020870939387454
Outre-Mer;2023;Mars;0.0005456102826001023
Outre-Mer;2023;Avril;0.0005209321859364462
Outre-Mer;2023;Mai;0.000553238057932505
Outre-Mer;2023;Juin;0.0005967612465938618
Outre-Mer;2023;Juillet;0.0005868900079283994
Outre-Mer;2023;Août;0.0006120167972586672
Outre-Mer;2023;Septembre;0.0006245801919238012
Outre-Mer;2023;Octobre;0.000589133471261459
Outre-Mer;2023;Novembre;0.0005276625759356252
Outre-Mer;2023;Décembre;0.0005824030812622801
Pays de la Loire;2018;Janvier;0.0008832653739081821
Pays de la Loire;2018;Février;0.0007674359625992649
Pays de la Loire;2018;Mars;0.0009120905013800361
Pays de la Loire;2018;Avril;0.0007870053151948354
Pays de la Loire;2018;Mai;0.0007367596801521543
Pays de la Loire;2018;Juin;0.0007021166370437795
Pays de la Loire;2018;Juillet;0.0007357018773091505
Pays de la Loire;2018;Août;0.000705554496283542
Pays de la Loire;2018;Septembre;0.0006862495943987224
Pays de la Loire;2018;Octobre;0.0007584446384337325
Pays de la Loire;2018;Novembre;0.0007793362445830577
Pays de la Loire;2018;Décembre;0.0007981122450463754
Pays de la Loire;2019;Janvier;0.0008785063080903758
Pays de la Loire;2019;Février;0.0008183454395040432
Pays de la Loire;2019;Mars;0.0007957522748821017
Pays de la Loire;2019;Avril;0.0007510913680712872
Pays de la Loire;2019;Mai;0.0007608116830830527
Pays de la Loire;2019;Juin;0.0007324388716973588
Pays de la Loire;2019;Juillet;0.0007298117595320167
Pays de la Loire;2019;Août;0.0007095829958588831
Pays de la Loire;2019;Septembre;0.000699074547197515
Pays de la Loire;2019;Octobre;0.0007797268906735154
Pays de la Loire;2019;Novembre;0.0008380487807441085
Pays de la Loire;2019;Décembre;0.0008440911387243952
Pays de la Loire;2020;Janvier;0.0008833230692149515
Pays de la Loire;2020;Février;0.0007974698078348278
Pays de la Loire;2020;Mars;0.0008543573792052441
Pays de la Loire;2020;Avril;0.0008473116708245045
Pays de la Loire;2020;Mai;0.0007411041407889106
Pays de la Loire;2020;Juin;0.0006928279907727316
Pays de la Loire;2020;Juillet;0.0006954375123952277
Pays de la Loire;2020;Août;0.0007627631702556288
Pays de la Loire;2020;Septembre;0.0007387555713286641
Pays de la Loire;2020;Octobre;0.0008071250378380635
Pays de la Loire;2020;Novembre;0.0009008068640856758
Pays de la Loire;2020;Décembre;0.0009315992192311305
Pays de la Loire;2021;Janvier;0.000977426304469721
Pays de la Loire;2021;Février;0.0008225222684281962
Pays de la Loire;2021;Mars;0.00086014552676324
Pays de la Loire;2021;Avril;0.0007983914889443407
Pays de la Loire;2021;Mai;0.000768552353023444
Pays de la Loire;2021;Juin;0.0006875974799163155
Pays de la Loire;2021;Juillet;0.0007488325762409383
Pays de la Loire;2021;Août;0.0007599898183678823
Pays de la Loire;2021;Septembre;0.0007397511000911002
Pays de la Loire;2021;Octobre;0.0008069540235999023
Pays de la Loire;2021;Novembre;0.0008409446914750108
Pays de la Loire;2021;Décembre;0.0009519981712501742
Pays de la Loire;2022;Janvier;0.0009030175169415676
Pays de la Loire;2022;Février;0.0008375403689817736
Pays de la Loire;2022;Mars;0.0008597097970311527
Pays de la Loire;2022;Avril;0.0008741457036679577
Pays de la Loire;2022;Mai;0.0007828901509995834
Pays de la Loire;2022;Juin;0.0007431914077483698
Pays de la Loire;2022;Juillet;0.000854038547995265
Pays de la Loire;2022;Août;0.0008045440109547908
Pays de la Loire;2022;Septembre;0.0007194752754164759
Pays de la Loire;2022;Octobre;0.0008509451394302353
Pays de la Loire;2022;Novembre;0.0008063484992843915
Pays de la Loire;2022;Décembre;0.0011033157215272365
Pays de la Loire;2023;Janvier;0.0009609011231205226
Pays de la Loire;2023;Février;0.0007569725612196108
Pays de la Loire;2023;Mars;0.0008167403032610101
Pays de la Loire;2023;Avril;0.0007705677986796715
Pays de la Loire;2023;Mai;0.0007903193700839108
Pays de la Loire;2023;Juin;0.0007228562106122885
Pays de la Loire;2023;Juillet;0.0007079784035805239
Pays de la Loire;2023;Août;0.0007146477653533839
Pays de la Loire;2023;Septembre;0.0007515857690184546
Pays de la Loire;2023;Octobre;0.0007936540509703409
Pays de la Loire;2023;Novembre;0.0008249487485199147
Pays de la Loire;2023;Décembre;0.0009296064255709486
Provence-Alpes-Côte d'Azur;2018;Janvier;0.0010495104527520407
Provence-Alpes-Côte d'Azur;2018;Février;0.0008791109619318433
Provence-Alpes-Côte d'Azur;2018;Mars;0.0009503581357939468
Provence-Alpes-Côte d'Azur;2018;Avril;0.0008141968701908158
Provence-Alpes-Côte d'Azur;2018;Mai;0.0007967808943578572
Provence-Alpes-Côte d'Azur;2018;Juin;0.0007603656721616709
Provence-Alpes-Côte d'Azur;2018;Juillet;0.0008141968701908158
Provence-Alpes-Côte d'Azur;2018;Août;0.0008575389009569287
Provence-Alpes-Côte d'Azur;2018;Septembre;0.0007700632041595684
Provence-Alpes-Côte d'Azur;2018;Octobre;0.0008316128460237744
Provence-Alpes-Côte d'Azur;2018;Novembre;0.000827654669698102
Provence-Alpes-Côte d'Azur;2018;Décembre;0.0009147345488628951
Provence-Alpes-Côte d'Azur;2019;Janvier;0.0010285172445893124
Provence-Alpes-Côte d'Azur;2019;Février;0.0009482196870323972
Provence-Alpes-Côte d'Azur;2019;Mars;0.0009013794451241965
Provence-Alpes-Côte d'Azur;2019;Avril;0.0008112415006117768
Provence-Alpes-Côte d'Azur;2019;Mai;0.0007974649588740708
Provence-Alpes-Côte d'Azur;2019;Juin;0.0007746352611373008
Provence-Alpes-Côte d'Azur;2019;Juillet;0.0008242308113930426
Provence-Alpes-Côte d'Azur;2019;Août;0.000809273423220676
Provence-Alpes-Côte d'Azur;2019;Septembre;0.0008224595417410518
Provence-Alpes-Côte d'Azur;2019;Octobre;0.000820688272089061
Provence-Alpes-Côte d'Azur;2019;Novembre;0.0008818954789522979
Provence-Alpes-Côte d'Azur;2019;Décembre;0.0009279484899040582
Provence-Alpes-Côte d'Azur;2020;Janvier;0.0009573092255895954
Provence-Alpes-Côte d'Azur;2020;Février;0.0008504185212367313
Provence-Alpes-Côte d'Azur;2020;Mars;0.0009673118419602304
Provence-Alpes-Côte d'Azur;2020;Avril;0.0009373039928483254
Provence-Alpes-Côte d'Azur;2020;Mai;0.000786676358090528
Provence-Alpes-Côte d'Azur;2020;Juin;0.0007774582606509232
Provence-Alpes-Côte d'Azur;2020;Juillet;0.000802758996176647
Provence-Alpes-Côte d'Azur;2020;Août;0.0008331591047540671
Provence-Alpes-Côte d'Azur;2020;Septembre;0.0008449268887195199
Provence-Alpes-Côte d'Azur;2020;Octobre;0.0010673380056665802
Provence-Alpes-Côte d'Azur;2020;Novembre;0.0011706983748298084
Provence-Alpes-Côte d'Azur;2020;Décembre;0.0011089175090111805
Provence-Alpes-Côte d'Azur;2021;Janvier;0.0012299525726231708
Provence-Alpes-Côte d'Azur;2021;Février;0.001056780242753284
Provence-Alpes-Côte d'Azur;2021;Mars;0.0010400090486442635
Provence-Alpes-Côte d'Azur;2021;Avril;0.0009731192860931698
Provence-Alpes-Côte d'Azur;2021;Mai;0.0008514306218602764
Provence-Alpes-Côte d'Azur;2021;Juin;0.0007911713313987956
Provence-Alpes-Côte d'Azur;2021;Juillet;0.000825103747386814
Provence-Alpes-Côte d'Azur;2021;Août;0.0009327514119005274
Provence-Alpes-Côte d'Azur;2021;Septembre;0.0009062295235420762
Provence-Alpes-Côte d'Azur;2021;Octobre;0.0008923835377078848
Provence-Alpes-Côte d'Azur;2021;Novembre;0.0008861430933882492
Provence-Alpes-Côte d'Azur;2021;Décembre;0.0011632578239570658
Provence-Alpes-Côte d'Azur;2022;Janvier;0.001198573703095674
Provence-Alpes-Côte d'Azur;2022;Février;0.0009624177419080319
Provence-Alpes-Côte d'Azur;2022;Mars;0.0009643518611642779
Provence-Alpes-Côte d'Azur;2022;Avril;0.0008856332074350638
Provence-Alpes-Côte d'Azur;2022;Mai;0.0008208402123508214
Provence-Alpes-Côte d'Azur;2022;Juin;0.0007811907675977775
Provence-Alpes-Côte d'Azur;2022;Juillet;0.0009593231510980382
Provence-Alpes-Côte d'Azur;2022;Août;0.000920253942121868
Provence-Alpes-Côte d'Azur;2022;Septembre;0.0008452101149795216
Provence-Alpes-Côte d'Azur;2022;Octobre;0.000874802139600086
Provence-Alpes-Côte d'Azur;2022;Novembre;0.0008927894486831742
Provence-Alpes-Côte d'Azur;2022;Décembre;0.001142290832738914
Provence-Alpes-Côte d'Azur;2023;Janvier;0.0010671212119170276
Provence-Alpes-Côte d'Azur;2023;Février;0.0008871179044765764
Provence-Alpes-Côte d'Azur;2023;Mars;0.0008867328706638696
Provence-Alpes-Côte d'Azur;2023;Avril;0.0008170417505639301
Provence-Alpes-Côte d'Azur;2023;Mai;0.000812421344811448
Provence-Alpes-Côte d'Azur;2023;Juin;0.0007812336059821933
Provence-Alpes-Côte d'Azur;2023;Juillet;0.0008287852818514889
Provence-Alpes-Côte d'Azur;2023;Août;0.0008428390160152889
Provence-Alpes-Côte d'Azur;2023;Septembre;0.0007956723739587001
Provence-Alpes-Côte d'Azur;2023;Octobre;0.0008543900303964944
Provence-Alpes-Côte d'Azur;2023;Novembre;0.0008971287836069544
Provence-Alpes-Côte d'Azur;2023;Décembre;0.0010365110238068332
Île-de-France;2018;Janvier;0.0006177617178835754
Île-de-France;2018;Février;0.0005390779523585766
Île-de-France;2018;Mars;0.0006138316234556878
Île-de-France;2018;Avril;0.0005104210138218965
Île-de-France;2018;Mai;0.0005079647048044667
Île-de-France;2018;Juin;0.0004645699121632083
Île-de-France;2018;Juillet;0.0004978938378330049
Île-de-France;2018;Août;0.0004406618377268923
Île-de-France;2018;Septembre;0.0004740676403639366
Île-de-France;2018;Octobre;0.0005302352398958295
Île-de-France;2018;Novembre;0.0005238488364505123
Île-de-France;2018;Décembre;0.0005678167678625043
Île-de-France;2019;Janvier;0.000637306581733774
Île-de-France;2019;Février;0.0005709255762915102
Île-de-France;2019;Mars;0.0005338207145270998
Île-de-France;2019;Avril;0.0005038106285286315
Île-de-France;2019;Mai;0.0004995700728984133
Île-de-France;2019;Juin;0.00048277094867100985
Île-de-France;2019;Juillet;0.0004936985343334955
Île-de-France;2019;Août;0.00045952944185154404
Île-de-France;2019;Septembre;0.00044843875789558836
Île-de-France;2019;Octobre;0.0005365933855160887
Île-de-France;2019;Novembre;0.0005365118363693537
Île-de-France;2019;Décembre;0.0005764709182694879
Île-de-France;2020;Janvier;0.0005955934397203865
Île-de-France;2020;Février;0.0005249436227498604
Île-de-France;2020;Mars;0.0008090911565171319
Île-de-France;2020;Avril;0.001168044378841431
Île-de-France;2020;Mai;0.0005399373555325326
Île-de-France;2020;Juin;0.0004724655580105077
Île-de-France;2020;Juillet;0.00045812372665316906
Île-de-France;2020;Août;0.0004828144931376782
Île-de-France;2020;Septembre;0.0005016381467941851
Île-de-France;2020;Octobre;0.0006218324720900628
Île-de-France;2020;Novembre;0.0006492938196322396
Île-de-France;2020;Décembre;0.0006160468469402273
Île-de-France;2021;Janvier;0.0006401576192274284
Île-de-France;2021;Février;0.0006009444131289062
Île-de-France;2021;Mars;0.0006421061015180382
Île-de-France;2021;Avril;0.0006543653025964582
Île-de-France;2021;Mai;0.0005534501572952923
Île-de-France;2021;Juin;0.0004589487662007169
Île-de-France;2021;Juillet;0.0004696654187990708
Île-de-France;2021;Août;0.00048127512578062087
Île-de-France;2021;Septembre;0.0004909363504715611
Île-de-France;2021;Octobre;0.0005515016750046825
Île-de-France;2021;Novembre;0.0005435453723180258
Île-de-France;2021;Décembre;0.0006457595058129316
Île-de-France;2022;Janvier;0.0007290223927636007
Île-de-France;2022;Février;0.0005412341074572222
Île-de-France;2022;Mars;0.000547857178164802
Île-de-France;2022;Avril;0.0005479379473197725
Île-de-France;2022;Mai;0.0005084418305392052
Île-de-France;2022;Juin;0.0004774264750305388
Île-de-France;2022;Juillet;0.000520718742094719
Île-de-France;2022;Août;0.0004903495398258165
Île-de-France;2022;Septembre;0.0004813033944691221
Île-de-France;2022;Octobre;0.0005857379118459597
Île-de-France;2022;Novembre;0.0005604571663401978
Île-de-France;2022;Décembre;0.0007295070076934236
Île-de-France;2023;Janvier;0.0006417965338151334
Île-de-France;2023;Février;0.0005099393029572208
Île-de-France;2023;Mars;0.000561763385745508
Île-de-France;2023;Avril;0.0005136467801084824
Île-de-France;2023;Mai;0.0005109064709097239
Île-de-France;2023;Juin;0.00047818395518337144
Île-de-France;2023;Juillet;0.00047052720889272245
Île-de-France;2023;Août;0.00046802869168208964
Île-de-France;2023;Septembre;0.0004846317415333916
Île-de-France;2023;Octobre;0.0005408886774373176
Île-de-France;2023;Novembre;0.0005433065973185753
Île-de-France;2023;Décembre;0.0006111695486525376
